/Subjects/Specialist/index.{html} /Subjects/Specialist/
/Subjects/Methods/index.{html} /Subjects/Methods/
/11Economics/PED/index.{html} /11Economics/PED/
/11Physics/ScaVec/index.{html} /11Physics/ScaVec/
/Subjects/Physics/index.{html} /Subjects/Physics/
/11Chemistry/Definitions/index.{html} /11Chemistry/Definitions/
/11Economics/MarPri/index.{html} /11Economics/MarPri/
/11Economics/PES/index.{html} /11Economics/PES/
/11Physics/Waves/index.{html} /11Physics/Waves/
/Info/townsites/index.{html} /Info/townsites/
/11Chemistry/ElectronicConfig/index.{html} /11Chemistry/ElectronicConfig/
/11Economics/MarketEfficiency/index.{html} /11Economics/MarketEfficiency/
/11Economics/pricecontrols/index.{html} /11Economics/pricecontrols/
/11Economics/taxesandsubsidies/index.{html} /11Economics/taxesandsubsidies/
/11Methods/PerCom/index.{html} /11Methods/PerCom/
/11Physics/Motion/index.{html} /11Physics/Motion/
/11Physics/SIS/index.{html} /11Physics/SIS/
/Info/town/index.{html} /Info/town/
/11Chemistry/ionic/index.{html} /11Chemistry/ionic/
/11Economics/Demand/index.{html} /11Economics/Demand/
/11Economics/Introduction2Economics/index.{html} /11Economics/Introduction2Economics/
/11Physics/Force/index.{html} /11Physics/Force/
/11Physics/Momentum/index.{html} /11Physics/Momentum/
/Subjects/Chemistry/index.{html} /Subjects/Chemistry/
/11Chemistry/10organic/index.{html} /11Chemistry/10organic/
/11Chemistry/metal/index.{html} /11Chemistry/metal/
/11Chemistry/AtomicSpectra/index.{html} /11Chemistry/AtomicSpectra/
/11Economics/Supply/index.{html} /11Economics/Supply/
/11Literature/Rom/index.{html} /11Literature/Rom/
/11Physics/humanstuff/index.{html} /11Physics/humanstuff/
/11Specialist/Vectors/index.{html} /11Specialist/Vectors/
/Subjects/Literature/index.{html} /Subjects/Literature/
/index.html /
/11Chemistry/AtomicStructure/index.{html} /11Chemistry/AtomicStructure/
/11Literature/Goth/index.{html} /11Literature/Goth/
/11Physics/Variable/index.{html} /11Physics/Variable/
/11Physics/WorkForcePower/index.{html} /11Physics/WorkForcePower/
/11Specialist/PerCom/index.{html} /11Specialist/PerCom/
/Subjects/Economics/index.{html} /Subjects/Economics/
/poke/index.{html} /poke/
/11Chemistry/Patterns/index.{html} /11Chemistry/Patterns/
